[{"model": "auth.permission", "pk": 1, "fields": {"name": "Can add permission", "content_type": 1, "codename": "add_permission"}}, {"model": "auth.permission", "pk": 2, "fields": {"name": "Can change permission", "content_type": 1, "codename": "change_permission"}}, {"model": "auth.permission", "pk": 3, "fields": {"name": "Can delete permission", "content_type": 1, "codename": "delete_permission"}}, {"model": "auth.permission", "pk": 4, "fields": {"name": "Can view permission", "content_type": 1, "codename": "view_permission"}}, {"model": "auth.permission", "pk": 5, "fields": {"name": "Can add group", "content_type": 2, "codename": "add_group"}}, {"model": "auth.permission", "pk": 6, "fields": {"name": "Can change group", "content_type": 2, "codename": "change_group"}}, {"model": "auth.permission", "pk": 7, "fields": {"name": "Can delete group", "content_type": 2, "codename": "delete_group"}}, {"model": "auth.permission", "pk": 8, "fields": {"name": "Can view group", "content_type": 2, "codename": "view_group"}}, {"model": "auth.permission", "pk": 9, "fields": {"name": "Can add user", "content_type": 3, "codename": "add_user"}}, {"model": "auth.permission", "pk": 10, "fields": {"name": "Can change user", "content_type": 3, "codename": "change_user"}}, {"model": "auth.permission", "pk": 11, "fields": {"name": "Can delete user", "content_type": 3, "codename": "delete_user"}}, {"model": "auth.permission", "pk": 12, "fields": {"name": "Can view user", "content_type": 3, "codename": "view_user"}}, {"model": "auth.permission", "pk": 13, "fields": {"name": "Can add content type", "content_type": 4, "codename": "add_contenttype"}}, {"model": "auth.permission", "pk": 14, "fields": {"name": "Can change content type", "content_type": 4, "codename": "change_contenttype"}}, {"model": "auth.permission", "pk": 15, "fields": {"name": "Can delete content type", "content_type": 4, "codename": "delete_contenttype"}}, {"model": "auth.permission", "pk": 16, "fields": {"name": "Can view content type", "content_type": 4, "codename": "view_contenttype"}}, {"model": "auth.permission", "pk": 17, "fields": {"name": "Can add Аватар", "content_type": 5, "codename": "add_avatar"}}, {"model": "auth.permission", "pk": 18, "fields": {"name": "Can change Аватар", "content_type": 5, "codename": "change_avatar"}}, {"model": "auth.permission", "pk": 19, "fields": {"name": "Can delete Аватар", "content_type": 5, "codename": "delete_avatar"}}, {"model": "auth.permission", "pk": 20, "fields": {"name": "Can view Аватар", "content_type": 5, "codename": "view_avatar"}}, {"model": "auth.permission", "pk": 21, "fields": {"name": "Can add Профиль", "content_type": 6, "codename": "add_profile"}}, {"model": "auth.permission", "pk": 22, "fields": {"name": "Can change Профиль", "content_type": 6, "codename": "change_profile"}}, {"model": "auth.permission", "pk": 23, "fields": {"name": "Can delete Профиль", "content_type": 6, "codename": "delete_profile"}}, {"model": "auth.permission", "pk": 24, "fields": {"name": "Can view Профиль", "content_type": 6, "codename": "view_profile"}}, {"model": "auth.permission", "pk": 25, "fields": {"name": "Can add Категория", "content_type": 7, "codename": "add_category"}}, {"model": "auth.permission", "pk": 26, "fields": {"name": "Can change Категория", "content_type": 7, "codename": "change_category"}}, {"model": "auth.permission", "pk": 27, "fields": {"name": "Can delete Категория", "content_type": 7, "codename": "delete_category"}}, {"model": "auth.permission", "pk": 28, "fields": {"name": "Can view Категория", "content_type": 7, "codename": "view_category"}}, {"model": "auth.permission", "pk": 29, "fields": {"name": "Can add Отзыв", "content_type": 8, "codename": "add_review"}}, {"model": "auth.permission", "pk": 30, "fields": {"name": "Can change Отзыв", "content_type": 8, "codename": "change_review"}}, {"model": "auth.permission", "pk": 31, "fields": {"name": "Can delete Отзыв", "content_type": 8, "codename": "delete_review"}}, {"model": "auth.permission", "pk": 32, "fields": {"name": "Can view Отзыв", "content_type": 8, "codename": "view_review"}}, {"model": "auth.permission", "pk": 33, "fields": {"name": "Can add Изображение", "content_type": 9, "codename": "add_image"}}, {"model": "auth.permission", "pk": 34, "fields": {"name": "Can change Изображение", "content_type": 9, "codename": "change_image"}}, {"model": "auth.permission", "pk": 35, "fields": {"name": "Can delete Изображение", "content_type": 9, "codename": "delete_image"}}, {"model": "auth.permission", "pk": 36, "fields": {"name": "Can view Изображение", "content_type": 9, "codename": "view_image"}}, {"model": "auth.permission", "pk": 37, "fields": {"name": "Can add Спецификация", "content_type": 10, "codename": "add_specification"}}, {"model": "auth.permission", "pk": 38, "fields": {"name": "Can change Спецификация", "content_type": 10, "codename": "change_specification"}}, {"model": "auth.permission", "pk": 39, "fields": {"name": "Can delete Спецификация", "content_type": 10, "codename": "delete_specification"}}, {"model": "auth.permission", "pk": 40, "fields": {"name": "Can view Спецификация", "content_type": 10, "codename": "view_specification"}}, {"model": "auth.permission", "pk": 41, "fields": {"name": "Can add Тег", "content_type": 11, "codename": "add_tag"}}, {"model": "auth.permission", "pk": 42, "fields": {"name": "Can change Тег", "content_type": 11, "codename": "change_tag"}}, {"model": "auth.permission", "pk": 43, "fields": {"name": "Can delete Тег", "content_type": 11, "codename": "delete_tag"}}, {"model": "auth.permission", "pk": 44, "fields": {"name": "Can view Тег", "content_type": 11, "codename": "view_tag"}}, {"model": "auth.permission", "pk": 45, "fields": {"name": "Can add Продукт", "content_type": 12, "codename": "add_product"}}, {"model": "auth.permission", "pk": 46, "fields": {"name": "Can change Продукт", "content_type": 12, "codename": "change_product"}}, {"model": "auth.permission", "pk": 47, "fields": {"name": "Can delete Продукт", "content_type": 12, "codename": "delete_product"}}, {"model": "auth.permission", "pk": 48, "fields": {"name": "Can view Продукт", "content_type": 12, "codename": "view_product"}}, {"model": "auth.permission", "pk": 49, "fields": {"name": "Can add Подкатегория", "content_type": 13, "codename": "add_subcategory"}}, {"model": "auth.permission", "pk": 50, "fields": {"name": "Can change Подкатегория", "content_type": 13, "codename": "change_subcategory"}}, {"model": "auth.permission", "pk": 51, "fields": {"name": "Can delete Подкатегория", "content_type": 13, "codename": "delete_subcategory"}}, {"model": "auth.permission", "pk": 52, "fields": {"name": "Can view Подкатегория", "content_type": 13, "codename": "view_subcategory"}}, {"model": "auth.permission", "pk": 53, "fields": {"name": "Can add log entry", "content_type": 14, "codename": "add_logentry"}}, {"model": "auth.permission", "pk": 54, "fields": {"name": "Can change log entry", "content_type": 14, "codename": "change_logentry"}}, {"model": "auth.permission", "pk": 55, "fields": {"name": "Can delete log entry", "content_type": 14, "codename": "delete_logentry"}}, {"model": "auth.permission", "pk": 56, "fields": {"name": "Can view log entry", "content_type": 14, "codename": "view_logentry"}}, {"model": "auth.permission", "pk": 57, "fields": {"name": "Can add session", "content_type": 15, "codename": "add_session"}}, {"model": "auth.permission", "pk": 58, "fields": {"name": "Can change session", "content_type": 15, "codename": "change_session"}}, {"model": "auth.permission", "pk": 59, "fields": {"name": "Can delete session", "content_type": 15, "codename": "delete_session"}}, {"model": "auth.permission", "pk": 60, "fields": {"name": "Can view session", "content_type": 15, "codename": "view_session"}}, {"model": "auth.permission", "pk": 61, "fields": {"name": "Can add Акция", "content_type": 16, "codename": "add_saleproduct"}}, {"model": "auth.permission", "pk": 62, "fields": {"name": "Can change Акция", "content_type": 16, "codename": "change_saleproduct"}}, {"model": "auth.permission", "pk": 63, "fields": {"name": "Can delete Акция", "content_type": 16, "codename": "delete_saleproduct"}}, {"model": "auth.permission", "pk": 64, "fields": {"name": "Can view Акция", "content_type": 16, "codename": "view_saleproduct"}}, {"model": "auth.permission", "pk": 65, "fields": {"name": "Can add delivery", "content_type": 17, "codename": "add_delivery"}}, {"model": "auth.permission", "pk": 66, "fields": {"name": "Can change delivery", "content_type": 17, "codename": "change_delivery"}}, {"model": "auth.permission", "pk": 67, "fields": {"name": "Can delete delivery", "content_type": 17, "codename": "delete_delivery"}}, {"model": "auth.permission", "pk": 68, "fields": {"name": "Can view delivery", "content_type": 17, "codename": "view_delivery"}}, {"model": "auth.permission", "pk": 69, "fields": {"name": "Can add basket item", "content_type": 18, "codename": "add_basketitem"}}, {"model": "auth.permission", "pk": 70, "fields": {"name": "Can change basket item", "content_type": 18, "codename": "change_basketitem"}}, {"model": "auth.permission", "pk": 71, "fields": {"name": "Can delete basket item", "content_type": 18, "codename": "delete_basketitem"}}, {"model": "auth.permission", "pk": 72, "fields": {"name": "Can view basket item", "content_type": 18, "codename": "view_basketitem"}}, {"model": "auth.permission", "pk": 73, "fields": {"name": "Can add basket", "content_type": 19, "codename": "add_basket"}}, {"model": "auth.permission", "pk": 74, "fields": {"name": "Can change basket", "content_type": 19, "codename": "change_basket"}}, {"model": "auth.permission", "pk": 75, "fields": {"name": "Can delete basket", "content_type": 19, "codename": "delete_basket"}}, {"model": "auth.permission", "pk": 76, "fields": {"name": "Can view basket", "content_type": 19, "codename": "view_basket"}}, {"model": "auth.permission", "pk": 77, "fields": {"name": "Can add order", "content_type": 20, "codename": "add_order"}}, {"model": "auth.permission", "pk": 78, "fields": {"name": "Can change order", "content_type": 20, "codename": "change_order"}}, {"model": "auth.permission", "pk": 79, "fields": {"name": "Can delete order", "content_type": 20, "codename": "delete_order"}}, {"model": "auth.permission", "pk": 80, "fields": {"name": "Can view order", "content_type": 20, "codename": "view_order"}}, {"model": "auth.permission", "pk": 81, "fields": {"name": "Can add order item", "content_type": 21, "codename": "add_orderitem"}}, {"model": "auth.permission", "pk": 82, "fields": {"name": "Can change order item", "content_type": 21, "codename": "change_orderitem"}}, {"model": "auth.permission", "pk": 83, "fields": {"name": "Can delete order item", "content_type": 21, "codename": "delete_orderitem"}}, {"model": "auth.permission", "pk": 84, "fields": {"name": "Can view order item", "content_type": 21, "codename": "view_orderitem"}}, {"model": "auth.permission", "pk": 85, "fields": {"name": "Can add cart", "content_type": 22, "codename": "add_cart"}}, {"model": "auth.permission", "pk": 86, "fields": {"name": "Can change cart", "content_type": 22, "codename": "change_cart"}}, {"model": "auth.permission", "pk": 87, "fields": {"name": "Can delete cart", "content_type": 22, "codename": "delete_cart"}}, {"model": "auth.permission", "pk": 88, "fields": {"name": "Can view cart", "content_type": 22, "codename": "view_cart"}}, {"model": "auth.permission", "pk": 89, "fields": {"name": "Can add delivery", "content_type": 23, "codename": "add_delivery"}}, {"model": "auth.permission", "pk": 90, "fields": {"name": "Can change delivery", "content_type": 23, "codename": "change_delivery"}}, {"model": "auth.permission", "pk": 91, "fields": {"name": "Can delete delivery", "content_type": 23, "codename": "delete_delivery"}}, {"model": "auth.permission", "pk": 92, "fields": {"name": "Can view delivery", "content_type": 23, "codename": "view_delivery"}}, {"model": "auth.permission", "pk": 93, "fields": {"name": "Can add basket item", "content_type": 24, "codename": "add_basketitem"}}, {"model": "auth.permission", "pk": 94, "fields": {"name": "Can change basket item", "content_type": 24, "codename": "change_basketitem"}}, {"model": "auth.permission", "pk": 95, "fields": {"name": "Can delete basket item", "content_type": 24, "codename": "delete_basketitem"}}, {"model": "auth.permission", "pk": 96, "fields": {"name": "Can view basket item", "content_type": 24, "codename": "view_basketitem"}}, {"model": "auth.permission", "pk": 97, "fields": {"name": "Can add order item", "content_type": 25, "codename": "add_orderitem"}}, {"model": "auth.permission", "pk": 98, "fields": {"name": "Can change order item", "content_type": 25, "codename": "change_orderitem"}}, {"model": "auth.permission", "pk": 99, "fields": {"name": "Can delete order item", "content_type": 25, "codename": "delete_orderitem"}}, {"model": "auth.permission", "pk": 100, "fields": {"name": "Can view order item", "content_type": 25, "codename": "view_orderitem"}}, {"model": "auth.permission", "pk": 101, "fields": {"name": "Can add basket", "content_type": 26, "codename": "add_basket"}}, {"model": "auth.permission", "pk": 102, "fields": {"name": "Can change basket", "content_type": 26, "codename": "change_basket"}}, {"model": "auth.permission", "pk": 103, "fields": {"name": "Can delete basket", "content_type": 26, "codename": "delete_basket"}}, {"model": "auth.permission", "pk": 104, "fields": {"name": "Can view basket", "content_type": 26, "codename": "view_basket"}}, {"model": "auth.permission", "pk": 105, "fields": {"name": "Can add order", "content_type": 27, "codename": "add_order"}}, {"model": "auth.permission", "pk": 106, "fields": {"name": "Can change order", "content_type": 27, "codename": "change_order"}}, {"model": "auth.permission", "pk": 107, "fields": {"name": "Can delete order", "content_type": 27, "codename": "delete_order"}}, {"model": "auth.permission", "pk": 108, "fields": {"name": "Can view order", "content_type": 27, "codename": "view_order"}}, {"model": "auth.permission", "pk": 109, "fields": {"name": "Can add cart", "content_type": 28, "codename": "add_cart"}}, {"model": "auth.permission", "pk": 110, "fields": {"name": "Can change cart", "content_type": 28, "codename": "change_cart"}}, {"model": "auth.permission", "pk": 111, "fields": {"name": "Can delete cart", "content_type": 28, "codename": "delete_cart"}}, {"model": "auth.permission", "pk": 112, "fields": {"name": "Can view cart", "content_type": 28, "codename": "view_cart"}}, {"model": "auth.permission", "pk": 113, "fields": {"name": "Can add count products", "content_type": 29, "codename": "add_countproducts"}}, {"model": "auth.permission", "pk": 114, "fields": {"name": "Can change count products", "content_type": 29, "codename": "change_countproducts"}}, {"model": "auth.permission", "pk": 115, "fields": {"name": "Can delete count products", "content_type": 29, "codename": "delete_countproducts"}}, {"model": "auth.permission", "pk": 116, "fields": {"name": "Can view count products", "content_type": 29, "codename": "view_countproducts"}}, {"model": "auth.permission", "pk": 117, "fields": {"name": "Can add Акция", "content_type": 30, "codename": "add_salesproduct"}}, {"model": "auth.permission", "pk": 118, "fields": {"name": "Can change Акция", "content_type": 30, "codename": "change_salesproduct"}}, {"model": "auth.permission", "pk": 119, "fields": {"name": "Can delete Акция", "content_type": 30, "codename": "delete_salesproduct"}}, {"model": "auth.permission", "pk": 120, "fields": {"name": "Can view Акция", "content_type": 30, "codename": "view_salesproduct"}}, {"model": "auth.permission", "pk": 121, "fields": {"name": "Can add payment", "content_type": 31, "codename": "add_payment"}}, {"model": "auth.permission", "pk": 122, "fields": {"name": "Can change payment", "content_type": 31, "codename": "change_payment"}}, {"model": "auth.permission", "pk": 123, "fields": {"name": "Can delete payment", "content_type": 31, "codename": "delete_payment"}}, {"model": "auth.permission", "pk": 124, "fields": {"name": "Can view payment", "content_type": 31, "codename": "view_payment"}}, {"model": "auth.permission", "pk": 125, "fields": {"name": "Can add order_product_count", "content_type": 32, "codename": "add_order_product_count"}}, {"model": "auth.permission", "pk": 126, "fields": {"name": "Can change order_product_count", "content_type": 32, "codename": "change_order_product_count"}}, {"model": "auth.permission", "pk": 127, "fields": {"name": "Can delete order_product_count", "content_type": 32, "codename": "delete_order_product_count"}}, {"model": "auth.permission", "pk": 128, "fields": {"name": "Can view order_product_count", "content_type": 32, "codename": "view_order_product_count"}}, {"model": "auth.user", "pk": 1, "fields": {"password": "pbkdf2_sha256$600000$qNYnZZyzlqTuSMVFdDvjQl$gYlhxti2tGUmp5fqSuwIzPdFQ78HTUo5oexcNBizx54=", "last_login": "2024-07-04T07:43:35.193Z", "is_superuser": true, "username": "admin", "first_name": "", "last_name": "", "email": "", "is_staff": true, "is_active": true, "date_joined": "2024-05-10T12:42:21.860Z", "groups": [], "user_permissions": []}}, {"model": "auth.user", "pk": 2, "fields": {"password": "pbkdf2_sha256$600000$kP6xDT2LatGnJXZejcJlxA$gIe5k9ozEikjcaCFm7VHt1hSZ62t/hlYgXdJHviPQZ4=", "last_login": "2024-07-24T19:35:05.461Z", "is_superuser": false, "username": "stanislav", "first_name": "", "last_name": "", "email": "", "is_staff": false, "is_active": true, "date_joined": "2024-05-10T12:45:24.759Z", "groups": [], "user_permissions": []}}, {"model": "auth.user", "pk": 3, "fields": {"password": "pbkdf2_sha256$600000$ZGx8BjLqVDC5Zi160XRXXk$iKXgWAlSG16CIAW2YekpQR67yny5LdfqCzBceeh/GTs=", "last_login": "2024-07-24T17:40:29.519Z", "is_superuser": false, "username": "elena", "first_name": "", "last_name": "", "email": "", "is_staff": false, "is_active": true, "date_joined": "2024-05-10T12:46:31.490Z", "groups": [], "user_permissions": []}}, {"model": "contenttypes.contenttype", "pk": 1, "fields": {"app_label": "auth", "model": "permission"}}, {"model": "contenttypes.contenttype", "pk": 2, "fields": {"app_label": "auth", "model": "group"}}, {"model": "contenttypes.contenttype", "pk": 3, "fields": {"app_label": "auth", "model": "user"}}, {"model": "contenttypes.contenttype", "pk": 4, "fields": {"app_label": "contenttypes", "model": "contenttype"}}, {"model": "contenttypes.contenttype", "pk": 5, "fields": {"app_label": "myauth", "model": "avatar"}}, {"model": "contenttypes.contenttype", "pk": 6, "fields": {"app_label": "myauth", "model": "profile"}}, {"model": "contenttypes.contenttype", "pk": 7, "fields": {"app_label": "catalog", "model": "category"}}, {"model": "contenttypes.contenttype", "pk": 8, "fields": {"app_label": "catalog", "model": "review"}}, {"model": "contenttypes.contenttype", "pk": 9, "fields": {"app_label": "catalog", "model": "image"}}, {"model": "contenttypes.contenttype", "pk": 10, "fields": {"app_label": "catalog", "model": "specification"}}, {"model": "contenttypes.contenttype", "pk": 11, "fields": {"app_label": "catalog", "model": "tag"}}, {"model": "contenttypes.contenttype", "pk": 12, "fields": {"app_label": "catalog", "model": "product"}}, {"model": "contenttypes.contenttype", "pk": 13, "fields": {"app_label": "catalog", "model": "subcategory"}}, {"model": "contenttypes.contenttype", "pk": 14, "fields": {"app_label": "admin", "model": "logentry"}}, {"model": "contenttypes.contenttype", "pk": 15, "fields": {"app_label": "sessions", "model": "session"}}, {"model": "contenttypes.contenttype", "pk": 16, "fields": {"app_label": "catalog", "model": "saleproduct"}}, {"model": "contenttypes.contenttype", "pk": 17, "fields": {"app_label": "cart", "model": "delivery"}}, {"model": "contenttypes.contenttype", "pk": 18, "fields": {"app_label": "cart", "model": "basketitem"}}, {"model": "contenttypes.contenttype", "pk": 19, "fields": {"app_label": "cart", "model": "basket"}}, {"model": "contenttypes.contenttype", "pk": 20, "fields": {"app_label": "cart", "model": "order"}}, {"model": "contenttypes.contenttype", "pk": 21, "fields": {"app_label": "cart", "model": "orderitem"}}, {"model": "contenttypes.contenttype", "pk": 22, "fields": {"app_label": "cart", "model": "cart"}}, {"model": "contenttypes.contenttype", "pk": 23, "fields": {"app_label": "orders", "model": "delivery"}}, {"model": "contenttypes.contenttype", "pk": 24, "fields": {"app_label": "orders", "model": "basketitem"}}, {"model": "contenttypes.contenttype", "pk": 25, "fields": {"app_label": "orders", "model": "orderitem"}}, {"model": "contenttypes.contenttype", "pk": 26, "fields": {"app_label": "orders", "model": "basket"}}, {"model": "contenttypes.contenttype", "pk": 27, "fields": {"app_label": "orders", "model": "order"}}, {"model": "contenttypes.contenttype", "pk": 28, "fields": {"app_label": "orders", "model": "cart"}}, {"model": "contenttypes.contenttype", "pk": 29, "fields": {"app_label": "orders", "model": "countproducts"}}, {"model": "contenttypes.contenttype", "pk": 30, "fields": {"app_label": "catalog", "model": "salesproduct"}}, {"model": "contenttypes.contenttype", "pk": 31, "fields": {"app_label": "orders", "model": "payment"}}, {"model": "contenttypes.contenttype", "pk": 32, "fields": {"app_label": "orders", "model": "order_product_count"}}, {"model": "sessions.session", "pk": "1odj3zb8lqahqpbsh8jn12ouiomp9jaj", "fields": {"session_data": ".eJxVjDkOwjAURO_iGll2iJdQ0nMG62_GAWRLWSrE3UmkFNCN5r2Zt0qwLiWts0xpZHVRVp1-OwR6St0BP6Dem6ZWl2lEvSv6oLO-NZbX9XD_DgrMZVvnYBgFSXIO0DNFtAYzOyLYgh9M58h7P2SO6Fzw2ZjeSnAQoe8EzurzBSbnOOg:1s5TQN:HVJnzrkuKTZJf_R0a215_clYi0oE2SGfPcD4xb8Pn8k", "expire_date": "2024-05-24T16:48:47.757Z"}}, {"model": "sessions.session", "pk": "a40bku8yfl8vm6gda0zpsfgr87mzn51d", "fields": {"session_data": ".eJxVjDsOgzAQBe-ydWT5T0yZnjMg79oOJJEtYVMh7h6QaGhn5r0NyC8N-m1_wOjXNo1rjcs4B-hBwo2hp2_Mpwgfn9-FUcltmZGdCbtsZUMJ8fe62tvB5Ot0rK2LFmXU0pB1iC7pGLiilAId3HTWcZPMsyOthCIdlBMoMJGwRvLUcdj_OI07Jg:1sbIir:jgD4mjsWsHBzvfrTGt0_IliEPx2zju601scNKQqRSxQ", "expire_date": "2024-08-20T11:51:25.050Z"}}, {"model": "sessions.session", "pk": "de5r94nvslvlzg2u4qteh9q2mtcth7q9", "fields": {"session_data": ".eJxVjMsOwiAQRf-FtSG8EZfu_QbCDINUDSSlXRn_3TbpQrfnnHvfLKZ1qXEdNMcpswtT7PTLIOGT2i7yI7V759jbMk_A94QfdvBbz_S6Hu3fQU2jbmsXyIEioyy6ABCKoSw0lpJx49a7IGyxZ49GS40m6yBBQkHprBLFC_b5AvE6N9o:1sPJD9:LgC3ljnWNmk7w_XbPY3NX5cJdgtPd62vB_4S62g8O5o", "expire_date": "2024-07-18T09:57:07.327Z"}}, {"model": "catalog.image", "pk": 1, "fields": {"src": "images/categories/JBL_C100SI.png", "alt": "Наушники JBL C100SI"}}, {"model": "catalog.image", "pk": 2, "fields": {"src": "images/categories/Thunderobot_H31.png", "alt": "Наушники игровые Thunderobot H31"}}, {"model": "catalog.image", "pk": 3, "fields": {"src": "images/categories/Jabra_Talk5.png", "alt": "Bluetooth-гарнитура Jabra Talk 5"}}, {"model": "catalog.image", "pk": 4, "fields": {"src": "images/categories/Borofone_BC20.png", "alt": "Bluetooth-гарнитура Borofone BC20"}}, {"model": "catalog.image", "pk": 5, "fields": {"src": "images/categories/iPhone13.png", "alt": "Смартфон Apple iPhone 13 Dual Sim 128GB "}}, {"model": "catalog.image", "pk": 6, "fields": {"src": "images/categories/GalaxyS24_Ultra12.png", "alt": "Смартфон Samsung Galaxy S24 Ultra 12"}}, {"model": "catalog.image", "pk": 7, "fields": {"src": "images/categories/HonorX7b.png", "alt": "Смартфон Honor X7b 8/128GB Black"}}, {"model": "catalog.image", "pk": 8, "fields": {"src": "images/categories/RealmeС67.png", "alt": "Смартфон Realme С67 6/128GB Black Stone (RMX3890)"}}, {"model": "catalog.image", "pk": 9, "fields": {"src": "images/categories/Iru_Game313MT.png", "alt": "Игровой компьютер Iru Game 313 MT i3-10105F/16G/256G/GTX1650/DOS"}}, {"model": "catalog.image", "pk": 10, "fields": {"src": "images/categories/Lenovo_ThinkPadE15.png", "alt": "Ноутбук Lenovo ThinkPad E15 Gen 4 15.6 i7-1255U Mineral Metallic"}}, {"model": "catalog.image", "pk": 11, "fields": {"src": "images/categories/Lenovo_ThinkStation_P360.png", "alt": "Компьютер Lenovo ThinkStation P360 Tiny (30FA00JWCD)"}}, {"model": "catalog.image", "pk": 12, "fields": {"src": "images/categories/Huawei_MateBook_D15.png", "alt": "Ноутбук Huawei MateBook D15 i5-1155G7/16/512 Space Gray (BoDE-WFH9)"}}, {"model": "catalog.image", "pk": 13, "fields": {"src": "images/categories/Huawei_MatePad_SE4.png", "alt": "Планшет Huawei MatePad SE 4+64GB Wi-Fi Black (AGS5-W09)"}}, {"model": "catalog.image", "pk": 14, "fields": {"src": "images/categories/Ipad_10.png", "alt": "Планшет Apple iPad 10.2 Wi-Fi 64GB Space Grey (MK2K3)"}}, {"model": "catalog.image", "pk": 15, "fields": {"src": "images/categories/Honor_Pad_X8.png", "alt": "Планшет Honor Pad X8 4+64GB LTE Blue (AGM3-AL09DHN)"}}, {"model": "catalog.image", "pk": 16, "fields": {"src": "images/categories/GalaxyTab_A8.png", "alt": "Планшет Samsung Galaxy Tab A 8.0 LTE 32GB Black (SM-T295)"}}, {"model": "catalog.image", "pk": 17, "fields": {"src": "images/categories/Tcl_55C845.png", "alt": "Телевизор Ultra HD (4K) QD-Mini LED 55\" Tcl 55C845"}}, {"model": "catalog.image", "pk": 18, "fields": {"src": "images/categories/Lg_OLED65C3RLA.png", "alt": "Телевизор Ultra HD (4K) OLED 65\" Lg OLED65C3RLA"}}, {"model": "catalog.image", "pk": 19, "fields": {"src": "images/categories/Samsung_QE75Q70CAUXRU.png", "alt": "Телевизор Ultra HD (4K) QLED 75\" Samsung QE75Q70CAUXRU"}}, {"model": "catalog.image", "pk": 20, "fields": {"src": "images/categories/Sony_KD-55X75K.png", "alt": "Телевизор Ultra HD (4K) LED 55\" Sony KD-55X75K"}}, {"model": "catalog.category", "pk": 1, "fields": {"title": "Наушники и гарнитуры", "image": 1, "parent": null, "archived": false}}, {"model": "catalog.category", "pk": 2, "fields": {"title": "Смартфоны", "image": 5, "parent": null, "archived": false}}, {"model": "catalog.category", "pk": 3, "fields": {"title": "Компьютеры и ноутбуки", "image": 9, "parent": null, "archived": false}}, {"model": "catalog.category", "pk": 4, "fields": {"title": "Планшеты", "image": 13, "parent": null, "archived": false}}, {"model": "catalog.category", "pk": 5, "fields": {"title": "Телевизоры", "image": 17, "parent": null, "archived": false}}, {"model": "catalog.category", "pk": 6, "fields": {"title": "Наушники", "image": 1, "parent": 1, "archived": false}}, {"model": "catalog.category", "pk": 7, "fields": {"title": "Гарнитура", "image": 3, "parent": 1, "archived": false}}, {"model": "catalog.category", "pk": 8, "fields": {"title": "Компьютеры", "image": 9, "parent": 3, "archived": false}}, {"model": "catalog.category", "pk": 9, "fields": {"title": "Ноутбуки", "image": 10, "parent": 3, "archived": false}}, {"model": "catalog.specification", "pk": 1, "fields": {"name": "Интерфейс подключения: Jack 3.5.\nЧастотный диапазон, в Гц: 20-20000.\nИмпеданс (Сопротивление), в Ом: 16.\nЧувствительность, в дБ: 100.\nМикрофон: Да\nВлагозащита: Да", "value": "Гарантийный срок: 1 год"}}, {"model": "catalog.specification", "pk": 2, "fields": {"name": "Полноразмерные (мониторные), закрытые", "value": "Гарантийный срок: 1 год"}}, {"model": "catalog.specification", "pk": 3, "fields": {"name": "Bluetooth-гарнитура Jabra Talk 5, версия bluetooth 2.1", "value": "Гарантийный срок: 1 год"}}, {"model": "catalog.specification", "pk": 4, "fields": {"name": "Bluetooth-гарнитура  Borofone BC20, версия bluetooth 4.2", "value": "Гарантийный срок: 1 год"}}, {"model": "catalog.specification", "pk": 5, "fields": {"name": " A15 Bionic, Количество ядер 6, Объем оперативной памяти 4 ГБ,\nОбъем встроенной памяти 128 ГБ", "value": "Гарантийный срок: 1 год"}}, {"model": "catalog.specification", "pk": 6, "fields": {"name": "Модель процессора Snapdragon 8 Gen3, Количество ядер 8, Объем оперативной памяти 12 ГБ, Объем встроенной памяти 256 ГБ", "value": "Гарантийный срок: 1 год"}}, {"model": "catalog.specification", "pk": 7, "fields": {"name": "Модель процессора Snapdragon 680, Количество ядер 8, Объем оперативной памяти 8 ГБ, Объем встроенной памяти 128 ГБ\n", "value": "Гарантийный срок: 1 год"}}, {"model": "catalog.specification", "pk": 8, "fields": {"name": "Модель процессора Snapdragon 685, Количество ядер 8, Частота процессора 2.8 ГГц, Объем оперативной памяти 6 ГБ, Объем встроенной памяти 128 Г", "value": "Гарантийный срок: 1 год"}}, {"model": "catalog.specification", "pk": 9, "fields": {"name": "Операционная система\nFreeDOS\nМодель процессора\nCore i3-10105F\nТактовая частота\n3.7 ГГц\nМаксимальная тактовая частота\n4.4 ГГц\nКоличество ядер\n4\nОбъем оперативной памяти\n16 ГБ\nЧастота памяти\n2666 МГц\nТип накопителя\nSSD\nОбъем накопителя\n256 ГБ\nМодель видеокарты\nGeForce GTX 1650\nТип оптического привода\nНет\nМощность блока питания\n500 Вт", "value": "Гарантийный срок: 1 год"}}, {"model": "catalog.specification", "pk": 10, "fields": {"name": "Операционная система\nWindows 11 Профессиональная x64\nДиагональ экрана\n15.6\"\nРазрешение экрана\n1920x1080 Пикс\nПроизводитель процессора\nIntel\nМодель процессора\nCore i7-1255U\nТактовая частота\n1.7 ГГц\nОбъем оперативной памяти\n16 ГБ\nТип оперативной памяти\nDDR4\nТип накопителя\nSSD\nОбъем накопителя\n512 ГБ\nПроизводитель видеокарты\nIntel\nМодель видеокарты\nIris Xe Graphics\nТип вилки\nАмериканская (Тип A)\nЦвет\nСерый", "value": "Гарантийный срок: 1 год"}}, {"model": "catalog.specification", "pk": 11, "fields": {"name": "Операционная система\nFreeDOS\nМодель процессора\nCore i9-12900T\nТактовая частота\n1 ГГц\nМаксимальная тактовая частота\n4.8 ГГц\nКоличество ядер\n16\nОбъем оперативной памяти\n16 ГБ\nЧастота памяти\n4800 МГц\nТип накопителя\nSSD\nОбъем накопителя\n512 ГБ\nМодель видеокарты\nQuadro T1000\nТип оптического привода\nНет\nМощность блока питания\n230 Вт", "value": "Гарантийный срок: 1 год"}}, {"model": "catalog.specification", "pk": 12, "fields": {"name": "Операционная система\nWindows 11\nДиагональ экрана\n15.6\"\nРазрешение экрана\n1920x1080 Пикс\nПроизводитель процессора\nIntel\nМодель процессора\nCore i5-1155G7\nТактовая частота\n2.5 ГГц\nОбъем оперативной памяти\n16 ГБ\nТип оперативной памяти\nDDR4\nТип накопителя\nSSD\nОбъем накопителя\n512 ГБ\nПроизводитель видеокарты\nIntel\nМодель видеокарты\nIris Xe Graphics\nЦвет\nСерый", "value": "Гарантийный срок: 1 год"}}, {"model": "catalog.specification", "pk": 13, "fields": {"name": "Операционная система\nHarmonyOS 3.0\nТип экрана\nTFT IPS\nДиагональ\n10.36\"\nРазрешение\n2000x1200 Пикс\nМодель процессора\nSnapdragon 680\nТактовая частота\n4 x 2.4 + 4 x 1.9 ГГц\nКоличество ядер\n8\nВстроенная память\n64 ГБ\nОперативная память\n4 ГБ\nWi-Fi\nЕсть\nМодуль сотовой связи\nОтсутствует\nРазрешение камеры\n5 Мпикс\nФронтальная камера\n2 Мпикс", "value": "Гарантийный срок: 1 год"}}, {"model": "catalog.specification", "pk": 14, "fields": {"name": "Операционная система\niOS\nТип экрана\nTFT IPS\nДиагональ\n10.2\"\nРазрешение\n2160x1620 Пикс\nМодель процессора\nA13 Bionic\nВстроенная память\n64 ГБ\nWi-Fi\nЕсть\nМодуль сотовой связи\nОтсутствует\nРазрешение камеры\n8 Мпикс\nФронтальная камера\n12 Мпикс\nТип вилки\nАмериканская (Тип A)\nЦвет\nСерый", "value": "Гарантийный срок: 1 год"}}, {"model": "catalog.specification", "pk": 15, "fields": {"name": "Операционная система\nAndroid 12\nТип экрана\nTFT IPS\nДиагональ\n10.1\"\nРазрешение\n1920x1200 Пикс\nМодель процессора\nMT8786\nТактовая частота\n2×Cortex A75 2.0G + 6×Cortex A55 1.8 ГГц\nКоличество ядер\n8\nВстроенная память\n64 ГБ\nОперативная память\n4 ГБ\nWi-Fi\nЕсть\nМодуль сотовой связи\n4G\nРазрешение камеры\n5 Мпикс\nФронтальная камера\n2 Мпикс\nЦвет\nГолубой", "value": "Гарантийный срок: 1 год"}}, {"model": "catalog.specification", "pk": 16, "fields": {"name": "Операционная система\nAndroid 9.0 Pie\nТип экрана\nTFT\nДиагональ\n8\"\nРазрешение\n1280x800 Пикс\nМодель процессора\nSnapdragon 429\nТактовая частота\n2 ГГц\nКоличество ядер\n4\nВстроенная память\n32 ГБ\nОперативная память\n2 ГБ\nWi-Fi\nЕсть\nМодуль сотовой связи\n3G, 4G\nРазрешение камеры\n8 Мпикс\nФронтальная камера\n2 Мпикс\nЦвет\nЧерный", "value": "Гарантийный срок: 1 год"}}, {"model": "catalog.specification", "pk": 17, "fields": {"name": "Операционная система\nGoogle TV\nДиагональ\n55\" (139.7 см)\nТехнология\nQLED\nРазрешение экрана\n3840x2160 Пикс (4K Ultra HD)\nПоддержка HDR\nЕсть\nЧастота обновления\n144 Гц\nКонтрастность\n6000:1\nSmart TV\nЕсть\nHDMI\n4\nКоличество разъемов USB\n1\nWi-Fi\nЕсть\nЦвет\nЧерный", "value": "Гарантийный срок: 1 год"}}, {"model": "catalog.specification", "pk": 18, "fields": {"name": "Операционная система\nWebOS\nДиагональ\n65\" (165.1 см)\nТехнология\nOLED\nРазрешение экрана\n3840x2160 Пикс (4K Ultra HD)\nПоддержка HDR\nЕсть\nЧастота обновления\n120 Гц\nSmart TV\nЕсть\nHDMI\n4\nКоличество разъемов USB\n3\nWi-Fi\nЕсть\nЦвет\nСеребристый", "value": "Гарантийный срок: 1 год"}}, {"model": "catalog.specification", "pk": 19, "fields": {"name": "Операционная система\nTizen\nДиагональ\n75\" (190.5 см)\nТехнология\nQLED\nРазрешение экрана\n3840x2160 Пикс (4K Ultra HD)\nПоддержка HDR\nЕсть\nЧастота обновления\n120 Гц\nSmart TV\nЕсть\nHDMI\n4\nКоличество разъемов USB\n2\nWi-Fi\nЕсть\nЦвет\nСерый", "value": "Гарантийный срок: 1 год"}}, {"model": "catalog.specification", "pk": 20, "fields": {"name": "Операционная система\nAndroid TV\nДиагональ\n55\" (139.7 см)\nТехнология\nLED\nРазрешение экрана\n3840x2160 Пикс (4K Ultra HD)\nПоддержка HDR\nЕсть\nЧастота обновления\n60 Гц\nSmart TV\nЕсть\nHDMI\n3\nКоличество разъемов USB\n2\nWi-Fi\nЕсть\nЦвет\nЧерный", "value": "Гарантийный срок: 1 год"}}, {"model": "catalog.review", "pk": 1, "fields": {"author": "Евгений", "email": "engen@ya.ru", "text": "Хорошие наушники, звук не плохой", "rate": 5, "date": "2024-05-27T12:33:42.608Z"}}, {"model": "catalog.review", "pk": 2, "fields": {"author": "Елена", "email": "elena@ya.ru", "text": "Брала для командных игр, связь отличная, уши плотные, звук нормальный", "rate": 5, "date": "2024-05-27T17:16:19.197Z"}}, {"model": "catalog.review", "pk": 3, "fields": {"author": "Анатолий", "email": "anatoly@mail.ru", "text": "Не плохая гарнитура, со своей задачей справляется", "rate": 4, "date": "2024-05-27T21:05:30.503Z"}}, {"model": "catalog.review", "pk": 4, "fields": {"author": "Станислав", "email": "stas@google.com", "text": "Сломалась быстро", "rate": 2, "date": "2024-05-27T21:16:51.808Z"}}, {"model": "catalog.product", "pk": 1, "fields": {"category": 6, "price": "8.00", "count": 10, "date": null, "title": "JBL C100SI", "description": "Наушники JBL C100SI White", "fullDescription": "Вставные, 20-20000 Гц, 3мВт, проводные", "freeDelivery": false, "archived": false, "rating": "5.0", "is_limited": false, "banner": true, "images": [1], "reviews": [1], "specifications": [1]}}, {"model": "catalog.product", "pk": 2, "fields": {"category": 6, "price": "22.00", "count": 10, "date": null, "title": "Thunderobot H31", "description": "Наушники игровые Thunderobot H31 Black", "fullDescription": "Мониторные, 20 Гц, 30 мВт, проводные", "freeDelivery": true, "archived": false, "rating": "5.0", "is_limited": true, "banner": true, "images": [2], "reviews": [2], "specifications": [2]}}, {"model": "catalog.product", "pk": 3, "fields": {"category": 7, "price": "33.00", "count": 5, "date": null, "title": "Jabra Talk 5", "description": "Bluetooth-гарнитура Jabra Talk 5", "fullDescription": "Bluetooth-гарнитура Jabra Talk 5", "freeDelivery": true, "archived": false, "rating": "4.0", "is_limited": true, "banner": true, "images": [3], "reviews": [3], "specifications": [3]}}, {"model": "catalog.product", "pk": 4, "fields": {"category": 7, "price": "6.00", "count": 10, "date": null, "title": "Borofone BC20", "description": "Borofone BC20 smart White", "fullDescription": "Bluetooth-гарнитура Borofone BC20 Smart White (УТ000023494)", "freeDelivery": false, "archived": false, "rating": "2.0", "is_limited": false, "banner": false, "images": [4], "reviews": [4], "specifications": [4]}}, {"model": "catalog.product", "pk": 5, "fields": {"category": 2, "price": "789.00", "count": 8, "date": null, "title": "Apple iPhone 13 Dual Sim 128GB", "description": "Apple iPhone 13 Dual Sim 128GB Midnight", "fullDescription": "Смартфон Apple iPhone 13 Dual Sim 128GB Midnight", "freeDelivery": true, "archived": false, "rating": "4.0", "is_limited": true, "banner": false, "images": [5], "reviews": [], "specifications": [5]}}, {"model": "catalog.product", "pk": 6, "fields": {"category": 2, "price": "1658.00", "count": 15, "date": null, "title": "Samsung Galaxy S24 Ultra 12/256GB", "description": "Samsung Galaxy S24 Ultra 12/256GB Cobalt Violet", "fullDescription": "Смартфон Samsung Galaxy S24 Ultra 12/256GB Cobalt Violet", "freeDelivery": true, "archived": false, "rating": "5.0", "is_limited": true, "banner": false, "images": [6], "reviews": [], "specifications": [6]}}, {"model": "catalog.product", "pk": 7, "fields": {"category": 2, "price": "192.00", "count": 4, "date": null, "title": "Honor X7b 8/128GB ", "description": "Honor X7b 8/128GB Black", "fullDescription": "Смартфон Honor X7b 8/128GB Black", "freeDelivery": true, "archived": false, "rating": "4.0", "is_limited": true, "banner": false, "images": [7], "reviews": [], "specifications": [7]}}, {"model": "catalog.product", "pk": 8, "fields": {"category": 2, "price": "16.00", "count": 9, "date": null, "title": "Realme С67", "description": "Realme С67 6/128GB Black Stone (RMX3890)", "fullDescription": "Смартфон Realme С67 6/128GB Black Stone (RMX3890)", "freeDelivery": true, "archived": false, "rating": "4.0", "is_limited": true, "banner": false, "images": [8], "reviews": [], "specifications": [8]}}, {"model": "catalog.product", "pk": 9, "fields": {"category": 9, "price": "564.00", "count": 7, "date": null, "title": "Iru Game 313 MT i3-10105F/16G/256G/GTX1650/DOS", "description": "Iru Game 313 MT i3-10105F/16G/256G/GTX1650/DOS", "fullDescription": "Игровой компьютер Iru Game 313 MT i3-10105F/16G/256G/GTX1650/DOS", "freeDelivery": true, "archived": false, "rating": "5.0", "is_limited": true, "banner": false, "images": [9], "reviews": [], "specifications": [9]}}, {"model": "catalog.product", "pk": 10, "fields": {"category": 9, "price": "1297.00", "count": 12, "date": null, "title": "Lenovo ThinkPad E15 Gen 4 15.6 i7-1255U Mineral Metallic", "description": "Lenovo ThinkPad E15 Gen 4 15.6 i7-1255U Mineral Metallic", "fullDescription": "Ноутбук Lenovo ThinkPad E15 Gen 4 15.6 i7-1255U Mineral Metallic", "freeDelivery": true, "archived": false, "rating": "5.0", "is_limited": true, "banner": false, "images": [10], "reviews": [], "specifications": [10]}}, {"model": "catalog.product", "pk": 11, "fields": {"category": 8, "price": "2706.00", "count": 4, "date": null, "title": "Lenovo ThinkStation P360 Tiny (30FA00JWCD)", "description": "Lenovo ThinkStation P360 Tiny (30FA00JWCD)", "fullDescription": "Компьютер Lenovo ThinkStation P360 Tiny (30FA00JWCD)", "freeDelivery": true, "archived": false, "rating": "5.0", "is_limited": true, "banner": false, "images": [11], "reviews": [], "specifications": [11]}}, {"model": "catalog.product", "pk": 12, "fields": {"category": 9, "price": "790.00", "count": 4, "date": null, "title": "Huawei MateBook D15 i5-1155G7/16/512 Space Gray (BoDE-WFH9)", "description": "Huawei MateBook D15 i5-1155G7/16/512 Space Gray (BoDE-WFH9)", "fullDescription": "Ноутбук Huawei MateBook D15 i5-1155G7/16/512 Space Gray (BoDE-WFH9)", "freeDelivery": true, "archived": false, "rating": "5.0", "is_limited": true, "banner": false, "images": [12], "reviews": [], "specifications": [12]}}, {"model": "catalog.product", "pk": 13, "fields": {"category": 4, "price": "158.00", "count": 10, "date": null, "title": "Huawei MatePad SE 4+64GB Wi-Fi Black (AGS5-W09)", "description": "Huawei MatePad SE 4+64GB Wi-Fi Black (AGS5-W09)", "fullDescription": "Планшет Huawei MatePad SE 4+64GB Wi-Fi Black (AGS5-W09)", "freeDelivery": true, "archived": false, "rating": "5.0", "is_limited": true, "banner": false, "images": [13], "reviews": [], "specifications": [13]}}, {"model": "catalog.product", "pk": 14, "fields": {"category": 4, "price": "372.00", "count": 10, "date": null, "title": "Apple iPad 10.2 Wi-Fi 64GB Space Grey (MK2K3)", "description": "Apple iPad 10.2 Wi-Fi 64GB Space Grey (MK2K3)", "fullDescription": "Планшет Apple iPad 10.2 Wi-Fi 64GB Space Grey (MK2K3)", "freeDelivery": true, "archived": false, "rating": "3.0", "is_limited": true, "banner": false, "images": [14], "reviews": [], "specifications": [14]}}, {"model": "catalog.product", "pk": 15, "fields": {"category": 4, "price": "170.00", "count": 20, "date": null, "title": "Honor Pad X8 4+64GB LTE Blue (AGM3-AL09DHN)", "description": "Honor Pad X8 4+64GB LTE Blue (AGM3-AL09DHN)", "fullDescription": "Планшет Honor Pad X8 4+64GB LTE Blue (AGM3-AL09DHN)", "freeDelivery": false, "archived": false, "rating": "4.0", "is_limited": true, "banner": false, "images": [15], "reviews": [], "specifications": [15]}}, {"model": "catalog.product", "pk": 16, "fields": {"category": 4, "price": "113.00", "count": 17, "date": null, "title": "Samsung Galaxy Tab A 8.0 LTE 32GB Black (SM-T295)", "description": "Samsung Galaxy Tab A 8.0 LTE 32GB Black (SM-T295)", "fullDescription": "Планшет Samsung Galaxy Tab A 8.0 LTE 32GB Black (SM-T295)", "freeDelivery": false, "archived": false, "rating": "4.0", "is_limited": true, "banner": false, "images": [16], "reviews": [], "specifications": [16]}}, {"model": "catalog.product", "pk": 17, "fields": {"category": 5, "price": "846.00", "count": 8, "date": null, "title": "Ultra HD (4K) QD-Mini LED телевизор 55\" Tcl 55C845", "description": "Ultra HD (4K) QD-Mini LED телевизор 55\" Tcl 55C845", "fullDescription": "Телевизор Ultra HD (4K) QD-Mini LED 55\" Tcl 55C845", "freeDelivery": true, "archived": false, "rating": "4.0", "is_limited": true, "banner": false, "images": [17], "reviews": [], "specifications": [17]}}, {"model": "catalog.product", "pk": 18, "fields": {"category": 5, "price": "2424.00", "count": 9, "date": null, "title": "Ultra HD (4K) OLED телевизор 65\" Lg OLED65C3RLA", "description": " Ultra HD (4K) OLED телевизор 65\" Lg OLED65C3RLA", "fullDescription": "Телевизор Ultra HD (4K) OLED 65\" Lg OLED65C3RLA", "freeDelivery": true, "archived": false, "rating": "5.0", "is_limited": true, "banner": false, "images": [18], "reviews": [], "specifications": [18]}}, {"model": "catalog.product", "pk": 19, "fields": {"category": 5, "price": "1917.00", "count": 12, "date": null, "title": "Ultra HD (4K) QLED телевизор 75\" Samsung QE75Q70CAUXRU", "description": "Ultra HD (4K) QLED телевизор 75\" Samsung QE75Q70CAUXRU", "fullDescription": "Телевизор Ultra HD (4K) QLED 75\" Samsung QE75Q70CAUXRU", "freeDelivery": true, "archived": false, "rating": "5.0", "is_limited": true, "banner": true, "images": [19], "reviews": [], "specifications": [19]}}, {"model": "catalog.product", "pk": 20, "fields": {"category": 5, "price": "936.00", "count": 4, "date": null, "title": "Ultra HD (4K) LED телевизор 55\" Sony KD-55X75K", "description": "Ultra HD (4K) LED телевизор 55\" Sony KD-55X75K", "fullDescription": "Телевизор Ultra HD (4K) LED 55\" Sony KD-55X75K", "freeDelivery": true, "archived": false, "rating": "4.0", "is_limited": false, "banner": false, "images": [20], "reviews": [], "specifications": [20]}}, {"model": "catalog.tag", "pk": 1, "fields": {"name": "Наушники", "tags": [1, 2]}}, {"model": "catalog.tag", "pk": 2, "fields": {"name": "Гарнитура", "tags": [3, 4]}}, {"model": "catalog.tag", "pk": 3, "fields": {"name": "Смартфон", "tags": [5, 6, 7, 8]}}, {"model": "catalog.tag", "pk": 4, "fields": {"name": "Компьютеры", "tags": [9, 11]}}, {"model": "catalog.tag", "pk": 5, "fields": {"name": "Ноутбуки", "tags": [10, 12]}}, {"model": "catalog.tag", "pk": 6, "fields": {"name": "Планшеты", "tags": [13, 14, 15, 16]}}, {"model": "catalog.tag", "pk": 7, "fields": {"name": "Телевизоры", "tags": [17, 18, 19, 20]}}, {"model": "catalog.salesproduct", "pk": 1, "fields": {"product": 18, "salePrice": 2000.0, "dateFrom": null, "dateTo": null}}, {"model": "catalog.salesproduct", "pk": 2, "fields": {"product": 11, "salePrice": 2000.0, "dateFrom": null, "dateTo": null}}, {"model": "myauth.avatar", "pk": 1, "fields": {"src": "users/avatars/1690242364_beolin-club-p-starie-risunki-kompyutera-instagram-31_itIdXrG.jpeg", "alt": ""}}, {"model": "myauth.avatar", "pk": 2, "fields": {"src": "users/avatars/3607444_AgGgOjb.png", "alt": ""}}, {"model": "myauth.avatar", "pk": 3, "fields": {"src": "users/avatars/78951.png", "alt": ""}}, {"model": "myauth.avatar", "pk": 4, "fields": {"src": "users/avatars/1690242371_beolin-club-p-starie-risunki-kompyutera-instagram-44_Z1DReEd.jpeg", "alt": ""}}, {"model": "myauth.profile", "pk": 1, "fields": {"user": 1, "fullName": "Администратор", "email": "admin@yandex.ru", "phone": 89091321122, "avatar": 2}}, {"model": "myauth.profile", "pk": 2, "fields": {"user": 2, "fullName": "Станиславов Станислав Станиславович", "email": "stas@mail.ru", "phone": 89161233344, "avatar": 3}}, {"model": "myauth.profile", "pk": 3, "fields": {"user": 3, "fullName": "Иванова Елена Александровна", "email": "ivanovael@gmail.com", "phone": 89091112344, "avatar": 4}}, {"model": "orders.order", "pk": 1, "fields": {"createdAt": "2024-07-04T09:22:49.314Z", "fullName": "Иванова Елена Александровна", "email": "ivanovael@gmail.com", "phone": "89091112344", "deliveryType": "ordinary", "paymentType": "online", "totalCost": "837.00", "status": "accepted", "city": "Москва", "address": "ул Озерная 2 кв 7", "user": 3, "products": [5, 8]}}, {"model": "orders.order", "pk": 2, "fields": {"createdAt": "2024-07-04T09:24:04.727Z", "fullName": "Иванова Елена Александровна", "email": "ivanovael@gmail.com", "phone": "89091112344", "deliveryType": "express", "paymentType": "someone", "totalCost": "11.00", "status": "accepted", "city": "Москва", "address": "ул Озерная 2 кв 7", "user": 3, "products": [4]}}, {"model": "orders.order", "pk": 3, "fields": {"createdAt": "2024-07-04T09:25:35.327Z", "fullName": "Станиславов Станислав Станиславович", "email": "stas@mail.ru", "phone": "89161233344", "deliveryType": "ordinary", "paymentType": "online", "totalCost": "10.00", "status": "accepted", "city": "Москва", "address": "ул Плеханова 12 кв 1", "user": 2, "products": [1]}}, {"model": "orders.order", "pk": 4, "fields": {"createdAt": "2024-07-04T09:26:52.325Z", "fullName": "Станиславов Станислав Станиславович", "email": "stas@mail.ru", "phone": "89161233344", "deliveryType": "express", "paymentType": "someone", "totalCost": "923.00", "status": "accepted", "city": "Москва", "address": "ул Плеханова 13 кв 1", "user": 2, "products": [5, 8, 16]}}, {"model": "orders.order", "pk": 5, "fields": {"createdAt": "2024-07-04T09:33:15.546Z", "fullName": "Станиславов Станислав Станиславович", "email": "stas@mail.ru", "phone": "89161233344", "deliveryType": "ordinary", "paymentType": "online", "totalCost": "372.00", "status": "accepted", "city": "Москва", "address": "ул Маяковская 11 кв 3", "user": 2, "products": [14]}}, {"model": "orders.order", "pk": 6, "fields": {"createdAt": "2024-07-04T09:36:21.114Z", "fullName": "Станиславов Станислав Станиславович", "email": "stas@mail.ru", "phone": "89161233344", "deliveryType": "express", "paymentType": "online", "totalCost": "43.00", "status": "awaiting", "city": "Москва", "address": "ул Новослободская 11 кв 3", "user": 2, "products": [3]}}, {"model": "orders.order", "pk": 7, "fields": {"createdAt": "2024-07-04T09:38:49.560Z", "fullName": "Станиславов Станислав Станиславович", "email": "stas@mail.ru", "phone": "89161233344", "deliveryType": "ordinary", "paymentType": "online", "totalCost": "789.00", "status": "accepted", "city": "Москва", "address": "ул Озерная 5 кв 1", "user": 2, "products": [5]}}, {"model": "orders.order", "pk": 8, "fields": {"createdAt": "2024-07-04T09:46:31.699Z", "fullName": "Станиславов Станислав Станиславович", "email": "stas@mail.ru", "phone": "89161233344", "deliveryType": "ordinary", "paymentType": "online", "totalCost": "66.00", "status": "accepted", "city": "Москва", "address": "ул Первомайская 2 кв 3", "user": 2, "products": [3]}}, {"model": "orders.order", "pk": 9, "fields": {"createdAt": "2024-07-04T09:49:55.609Z", "fullName": "Станиславов Станислав Станиславович", "email": "stas@mail.ru", "phone": "89161233344", "deliveryType": "express", "paymentType": "online", "totalCost": "1922.00", "status": "accepted", "city": "Москва", "address": "ул Полежаевская 11 кв 9", "user": 2, "products": [19]}}, {"model": "orders.order", "pk": 10, "fields": {"createdAt": "2024-07-04T09:52:23.073Z", "fullName": "Станиславов Станислав Станиславович", "email": "stas@mail.ru", "phone": "89161233344", "deliveryType": "ordinary", "paymentType": "online", "totalCost": "33.00", "status": "accepted", "city": "Москва", "address": "ул Первомайская 5 кв 7", "user": 2, "products": [3]}}, {"model": "orders.order", "pk": 11, "fields": {"createdAt": "2024-07-24T17:20:26.480Z", "fullName": "Станиславов Станислав Станиславович", "email": "stas@mail.ru", "phone": "89161233344", "deliveryType": "ordinary", "paymentType": "someone", "totalCost": "1658.00", "status": "accepted", "city": "Москва", "address": "ул Новослободская 5 кв 1", "user": 2, "products": [6]}}, {"model": "orders.order", "pk": 12, "fields": {"createdAt": "2024-07-24T17:32:27.334Z", "fullName": "Станиславов Станислав Станиславович", "email": "stas@mail.ru", "phone": "89161233344", "deliveryType": "ordinary", "paymentType": "someone", "totalCost": "2424.00", "status": "accepted", "city": "Москва", "address": "ул Озерная 12 кв 7", "user": 2, "products": [18]}}, {"model": "orders.order", "pk": 13, "fields": {"createdAt": "2024-07-24T17:40:34.351Z", "fullName": "Иванова Елена Александровна", "email": "ivanovael@gmail.com", "phone": "89091112344", "deliveryType": "express", "paymentType": "someone", "totalCost": "851.00", "status": "accepted", "city": "Москва", "address": "ул Дербеневская набережная 11 ", "user": 3, "products": [17]}}, {"model": "orders.order", "pk": 14, "fields": {"createdAt": "2024-07-24T17:57:16.837Z", "fullName": "Иванова Елена Александровна", "email": "ivanovael@gmail.com", "phone": "89091112344", "deliveryType": "ordinary", "paymentType": "someone", "totalCost": "18.00", "status": "accepted", "city": "Москва", "address": "ул Дмитровская 11 кв 5", "user": 3, "products": [8]}}, {"model": "orders.order", "pk": 15, "fields": {"createdAt": "2024-07-24T18:14:59.931Z", "fullName": "Иванова Елена Александровна", "email": "ivanovael@gmail.com", "phone": "89091112344", "deliveryType": "express", "paymentType": "someone", "totalCost": "175.00", "status": "accepted", "city": "Москва", "address": "Столешников переулок 11 кв 7", "user": 3, "products": [15]}}, {"model": "orders.order", "pk": 16, "fields": {"createdAt": "2024-07-24T18:16:29.621Z", "fullName": "", "email": "", "phone": "", "deliveryType": "", "paymentType": "", "totalCost": "0.00", "status": "", "city": "", "address": "", "user": 3, "products": [15]}}, {"model": "orders.order", "pk": 17, "fields": {"createdAt": "2024-07-24T18:19:30.462Z", "fullName": "Иванова Елена Александровна", "email": "ivanovael@gmail.com", "phone": "89091112344", "deliveryType": "express", "paymentType": "someone", "totalCost": "2711.00", "status": "accepted", "city": "Москва", "address": "ул Новослободская 3 кв 1", "user": 3, "products": [11]}}, {"model": "orders.order", "pk": 18, "fields": {"createdAt": "2024-07-24T18:36:39.888Z", "fullName": "Иванова Елена Александровна", "email": "ivanovael@gmail.com", "phone": "89091112344", "deliveryType": "express", "paymentType": "someone", "totalCost": "38.00", "status": "accepted", "city": "Москва", "address": "ул Озерная 8 кв 10", "user": 3, "products": [3]}}, {"model": "orders.order", "pk": 19, "fields": {"createdAt": "2024-07-24T18:37:46.373Z", "fullName": "", "email": "", "phone": "", "deliveryType": "", "paymentType": "", "totalCost": "0.00", "status": "", "city": "", "address": "", "user": 3, "products": [3]}}, {"model": "orders.order", "pk": 20, "fields": {"createdAt": "2024-07-24T18:38:03.997Z", "fullName": "Иванова Елена Александровна", "email": "ivanovael@gmail.com", "phone": "89091112344", "deliveryType": "express", "paymentType": "someone", "totalCost": "1922.00", "status": "accepted", "city": "Москва", "address": "ул Озерная 11 кв 2", "user": 3, "products": [19]}}, {"model": "orders.order", "pk": 21, "fields": {"createdAt": "2024-07-24T18:48:27.770Z", "fullName": "Иванова Елена Александровна", "email": "ivanovael@gmail.com", "phone": "89091112344", "deliveryType": "express", "paymentType": "someone", "totalCost": "794.00", "status": "awaiting", "city": "Москва", "address": "ул Озерная 1 кв 4", "user": 3, "products": [5]}}, {"model": "orders.order", "pk": 22, "fields": {"createdAt": "2024-07-24T18:56:41.004Z", "fullName": "", "email": "", "phone": "", "deliveryType": "", "paymentType": "", "totalCost": "789.00", "status": "", "city": "", "address": "", "user": 3, "products": [5]}}, {"model": "orders.order", "pk": 23, "fields": {"createdAt": "2024-07-24T18:56:54.498Z", "fullName": "Иванова Елена Александровна", "email": "ivanovael@gmail.com", "phone": "89091112344", "deliveryType": "ordinary", "paymentType": "online", "totalCost": "936.00", "status": "accepted", "city": "Москва", "address": "Большая садовая 7 кв 1", "user": 3, "products": [20]}}, {"model": "orders.order", "pk": 24, "fields": {"createdAt": "2024-07-24T19:47:13.301Z", "fullName": "", "email": "", "phone": "", "deliveryType": "", "paymentType": "", "totalCost": "936.00", "status": "", "city": "", "address": "", "user": 2, "products": [20]}}, {"model": "orders.order", "pk": 25, "fields": {"createdAt": "2024-07-24T19:48:08.148Z", "fullName": "", "email": "", "phone": "", "deliveryType": "", "paymentType": "", "totalCost": "936.00", "status": "", "city": "", "address": "", "user": 2, "products": [20]}}, {"model": "orders.order", "pk": 26, "fields": {"createdAt": "2024-07-24T19:53:19.401Z", "fullName": "", "email": "", "phone": "", "deliveryType": "", "paymentType": "", "totalCost": "264.00", "status": "", "city": "", "address": "", "user": 2, "products": [3]}}, {"model": "orders.order_product_count", "pk": 1, "fields": {"order": 1, "product": 5, "count": 1}}, {"model": "orders.order_product_count", "pk": 2, "fields": {"order": 1, "product": 8, "count": 3}}, {"model": "orders.order_product_count", "pk": 3, "fields": {"order": 2, "product": 4, "count": 1}}, {"model": "orders.order_product_count", "pk": 4, "fields": {"order": 3, "product": 1, "count": 1}}, {"model": "orders.order_product_count", "pk": 5, "fields": {"order": 4, "product": 5, "count": 1}}, {"model": "orders.order_product_count", "pk": 6, "fields": {"order": 4, "product": 8, "count": 1}}, {"model": "orders.order_product_count", "pk": 7, "fields": {"order": 4, "product": 16, "count": 1}}, {"model": "orders.order_product_count", "pk": 8, "fields": {"order": 5, "product": 14, "count": 1}}, {"model": "orders.order_product_count", "pk": 9, "fields": {"order": 6, "product": 3, "count": 1}}, {"model": "orders.order_product_count", "pk": 10, "fields": {"order": 7, "product": 5, "count": 1}}, {"model": "orders.order_product_count", "pk": 11, "fields": {"order": 8, "product": 3, "count": 2}}, {"model": "orders.order_product_count", "pk": 12, "fields": {"order": 9, "product": 19, "count": 1}}, {"model": "orders.order_product_count", "pk": 13, "fields": {"order": 10, "product": 3, "count": 1}}, {"model": "orders.order_product_count", "pk": 14, "fields": {"order": 11, "product": 6, "count": 1}}, {"model": "orders.order_product_count", "pk": 15, "fields": {"order": 12, "product": 18, "count": 1}}, {"model": "orders.order_product_count", "pk": 16, "fields": {"order": 13, "product": 17, "count": 1}}, {"model": "orders.order_product_count", "pk": 17, "fields": {"order": 14, "product": 8, "count": 1}}, {"model": "orders.order_product_count", "pk": 18, "fields": {"order": 15, "product": 15, "count": 1}}, {"model": "orders.order_product_count", "pk": 19, "fields": {"order": 17, "product": 11, "count": 1}}, {"model": "orders.order_product_count", "pk": 20, "fields": {"order": 18, "product": 3, "count": 1}}, {"model": "orders.order_product_count", "pk": 21, "fields": {"order": 20, "product": 19, "count": 1}}, {"model": "orders.order_product_count", "pk": 22, "fields": {"order": 21, "product": 5, "count": 1}}, {"model": "orders.order_product_count", "pk": 23, "fields": {"order": 23, "product": 20, "count": 1}}, {"model": "orders.order_product_count", "pk": 24, "fields": {"order": 6, "product": 3, "count": 5}}, {"model": "orders.payment", "pk": 1, "fields": {"name": "Иванова Елена Александровна", "number": "9999999999999999", "month": "12", "year": "2027", "code": "123", "order": 1}}, {"model": "orders.payment", "pk": 2, "fields": {"name": "Иванова Елена Александровна", "number": "1234567891234567", "month": "10", "year": "2025", "code": "456", "order": 2}}, {"model": "orders.payment", "pk": 3, "fields": {"name": "Станиславов Станислав Станиславович", "number": "8887676111111111", "month": "12", "year": "2026", "code": "123", "order": 3}}, {"model": "orders.payment", "pk": 4, "fields": {"name": "Станиславов Станислав Станиславович", "number": "123456789999911", "month": "12", "year": "2027", "code": "789", "order": 4}}, {"model": "orders.payment", "pk": 5, "fields": {"name": "Станиславов Станислав Станиславович", "number": "111111111111111", "month": "12", "year": "2028", "code": "123", "order": 5}}, {"model": "orders.payment", "pk": 6, "fields": {"name": "Станиславов Станислав Станиславович", "number": "1", "month": "12", "year": "2028", "code": "134", "order": 6}}, {"model": "orders.payment", "pk": 7, "fields": {"name": "Станиславов Станислав Станиславочи", "number": "1", "month": "12", "year": "2028", "code": "567", "order": 7}}, {"model": "orders.payment", "pk": 8, "fields": {"name": "Станиславов Станислав Станиславович", "number": "3333333333333333", "month": "12", "year": "2024", "code": "123", "order": 8}}, {"model": "orders.payment", "pk": 9, "fields": {"name": "Станиславов Станислав Станиславович", "number": "4", "month": "12", "year": "2027", "code": "567", "order": 9}}, {"model": "orders.payment", "pk": 10, "fields": {"name": "Станиславов Станислав Станиславович", "number": "11", "month": "12", "year": "2027", "code": "124", "order": 10}}, {"model": "orders.payment", "pk": 11, "fields": {"name": "Станиславов Станислав", "number": "111122233345", "month": "12", "year": "2028", "code": "123", "order": 11}}, {"model": "orders.payment", "pk": 12, "fields": {"name": "Станиславов Станислав Станиславович", "number": "123456789", "month": "12", "year": "2024", "code": "123", "order": 12}}, {"model": "orders.payment", "pk": 13, "fields": {"name": "Иванова Елена Александровна", "number": "124563635", "month": "12", "year": "2023", "code": "984", "order": 13}}, {"model": "orders.payment", "pk": 14, "fields": {"name": "Иванова Елена Александровна", "number": "1234567890765435", "month": "12", "year": "2025", "code": "345", "order": 14}}, {"model": "orders.payment", "pk": 15, "fields": {"name": "Иванова Елена", "number": "34", "month": "12", "year": "23", "code": "466", "order": 15}}, {"model": "orders.payment", "pk": 16, "fields": {"name": "Иванова Елена Александровна", "number": "1234567654321123", "month": "12", "year": "2025", "code": "456", "order": 17}}, {"model": "orders.payment", "pk": 17, "fields": {"name": "Иванова Елена Александровна", "number": "34", "month": "12", "year": "2026", "code": "283", "order": 18}}, {"model": "orders.payment", "pk": 18, "fields": {"name": "Иванова Елена Александровна", "number": "1234567898765432", "month": "12", "year": "2024", "code": "141", "order": 20}}, {"model": "orders.payment", "pk": 19, "fields": {"name": "Иванова Елена Александровна", "number": "1234567898765432", "month": "12", "year": "2024", "code": "123", "order": 23}}]